"Tipo","Estado","Archivo"
"1","FALTA","PR-10-B Diseño y Desarrollo_Construcción v5.pdf"
"1","OK","REG-10.B-00 Nueva Licitaciones.xlsx"
"1","OK","REG-10.B-01 Plantilla estudio precio unitario.xlsx"
"1","OK","REG-10.B-02 Solicitud de presupuestos a subcontratos.msg"
"1","OK","REG-10.B-03 Cuadro comparativo de Subcontrato.xls"
"1","OK","REG-10.B-04 Resumen Licitaciones.xlsx"
"1","OK","REG-10.B-05  Planificacion de Obra Civil.xlsx"
"1","OK","REG-10.B-06 Programacion de obra.mpp"
"1","OK","REG-10.B-06b Caratula Last Planner.xlsx"
"1","OK","REG-10.B-07 Logistica de Inicio de Obras .xlsx"
"1","OK","REG-10.B-08  Programa Aseguramiento Calidad.xlsx"
"1","OK","REG-10.B-08b Programa de calidad - Seguimiento.xlsx"
"1","OK","REG-10.B-09 Programación de Obras Civiles (Planificación y Seguimiento).xls"
"1","OK","REG-10.B-10 Plan de Compras.xlsx"
"1","OK","REG-10.B-11 Notas de Cambio.xls"
"1","OK","REG-10.B-12 Informe de Obra Civil.docx"
"1","OK","REG-10.B-13 Informe diario de Obra Civil.docx"
"1","OK","REG-10.B-14 Minuta de Reunion.xlsx"
"1","OK","REG-10.B-15 Bitacora de Consultas.xlsx"
"1","OK","REG-10.B-15b Requerimiento de Información (RDI).xlsx"
"1","OK","REG-10.B-16 Registro Material Suministrado por Cliente.xls"
"1","OK","REG-10.B-17 Pedido de Materiales.xlsx"
"1","OK","REG-10.B-18 Bitácora de Proyectos (Seguimiento).xlsx"
"1","OK","REG-10.B-19 Protocolo recepcion de Producto Final.xlsx"
"1","OK","REG-10.B-20 Cierre de Proyecto y Carpeta As Build (Pruebas).docx"
"1","OK","REG-10.B-21 Acta Recepción de Obras.docx"
"1","OK","REG-10.B-22 Bitacora de Ensayos.xlsx"
"1","OK","REG-10.B-23 Plan Verificación y Ensayos.xlsx"
"1","OK","REG-10.B-24 Seguimiento Calidad de Producto.xlsx"
"1","OK","REG-10.B-25 Acta de entrega de Llaves.docx"
"1","OK","REG-10.B-26 Informe Aseguramiento de Calidad.docx"
"1","OK","REG-10.B-27 Control Documental PAC.xlsx"
"1","FALTA","REG-10.B-28  Seguimineto Plan de Ensayos - Matriz de protocolos.xlsx"
"1","OK","REG-10.B-08b Programa de calidad - Seguimiento.xlsx"
"2","FALTA","PR-06 Procedimiento Identificación de Peligros V13.pdf"
"2","FALTA","REG_01 Matriz de Riesgos  V-08 (14-12-2022).xls"
"2","FALTA","REG_02 Control entrega de EPP.xlsx"
"2","FALTA","REG_03 Entrega de EPP.doc"
"2","FALTA","REG_04a Obligacion de Informar (ODI).doc"
"2","FALTA","REG_04b Obligacion de Informar (ODI) anexo practicante.doc"
"2","FALTA","REG_04c Obligacion de Informar (COVID-19).docx"
"2","FALTA","REG_05 Inspeccion uso de EPP.xls"
"2","FALTA","REG_06 Registro Charla Seguridad.docx"
"2","FALTA","REG_07a Programa de actividades SSO.xlsx"
"2","FALTA","REG_07b Programa de actividades MA.xls"
"2","FALTA","REG_08 Analisis de Trabajo Seguro (ART).docx"
"2","FALTA","REG_09 Inspeccion Herramientas Electricas.docx"
"2","FALTA","REG_010 Recepción entrega de Reglamento Interno.docx"
"2","FALTA","REG_011 Informe de Observaciones.doc"
"2","FALTA","REG_012 Carta de amonestación.doc"
"2","FALTA","REG_013 Estadisticas mensuales.xls"
"2","FALTA","REG_014 Inspección Escalas.xls"
"2","FALTA","REG_015 Chequeo de Andamios.docx"
"2","FALTA","REG_016 Tarjeta de andamios.docx"
"2","FALTA","REG_017 Acta constitución CPHS.doc"
"2","FALTA","REG_018 Acta reunión CPHS.doc"
"2","FALTA","REG_019 Designación Representante Trabajadores.doc"
"2","FALTA","REG_020 Registro Mantenciones Vehículos.xls"
"2","FALTA","REG_021 Entrega de  Herramientas.docx"
"2","FALTA","REG_022 Inspeccion de SSO y MA de Obras.doc"
"2","FALTA","REG_023 Inspección Almacenamiento Sustancias Peligrosas.docx"
"2","FALTA","REG_024 Seguimiento Examenes.xls"
"2","FALTA","REG_025 Inspeccion Arnes de Seguridad.xls"
"2","FALTA","REG_026 Inpeccion Bodega de Materiales.xlsx"
"2","FALTA","REG_027 Control inventario EPP.xlsx"
"2","FALTA","REG_028 Informe Diario SSO y MA.docx"
"2","FALTA","REG_029 Informe Semanal SSO y MA.docx"
"2","FALTA","REG_030 Informe Mensual SSO y MA.docx"
"2","FALTA","REG_031 Informe Final SSO y MA.docx"
"2","FALTA","REG_032 Permiso Trabajo.xlsx"
"2","FALTA","REG_033 Registro ingreso visitas y proveedores.doc"
"2","FALTA","REG_034 Inspeccion de extintores.xls"
"2","FALTA","REG_035 Formato Declaracion.doc"
"2","FALTA","REG_036 Permiso para trabajo en Izaje.xls"
"2","FALTA","REG_037 Check List Retroexcavadoras y Mini Cargadores.xlsx"
"2","FALTA","REG_038 Inspección Líneas de Vidas.xlsx"
"2","FALTA","REG_039 Permiso Trabajo Diario.docx"
"2","FALTA","REG_040 Uso Bloqueador Solar.doc"
"2","FALTA","REG_041 Ficha Médica Trabajadores..docx"
"2","FALTA","REG_042 Programa Gral. Participacion y Consulta.xlsx"
"2","FALTA","REG_043 RIOHS Trazas.docx"
"2","FALTA","REG_044 REGLAMENTO SUB CONTRATO.doc"
"2","FALTA","REG_045 Control de ingreso y Lavado manos.xlsx"
"2","FALTA","REG_046 Autorización Test Antigeno Obras.doc"
"2","FALTA","REG_047 Reporte de Acciones - Condiciones Inseguras.xls"
"2","FALTA","REG_048 Encuesta Autoevaluación Psicosocial Estadia Proyectos.docx"
"2","FALTA","REG_049 Autorización Test de Drogas.doc"
"3","FALTA","PR-07 -Procedimiento de Identificacion y Evaluacion de Aspectos ambientales_ v3.pdf"
"3","FALTA","REG-01 Matriz Iden. Aspectos Ambientales Ultima version.xls"
"3","FALTA","REG-02 Certificados de retiro de residuos.xls"
"3","FALTA","REG-03 Control de Salida de Residuos.xls"
"4","FALTA","PR-08 V2-Procedimiento de Investigacion de Incidentes.pdf"
"4","FALTA","REG_01 informe Preliminar de incidentes.doc"
"4","FALTA","REG_02 Informe definitivo de Investigacion de Incidente.doc"
"4","FALTA","REG-03 Seguimiento de Accidentes.xlsx"
"5","FALTA","PR-10-A Diseño y Desarrollo- Arquitectura v3.pdf"
"5","OK","REG-10.A-01 Orden de Trabajo Arquitectura.docx.xlsx"
"5","OK","REG-10.A-03 Control de Avance.xlsx"
"5","OK","REG-10.A-04 Recepción Proyecto Terminado.xlsx"
"6","FALTA","PR-12 Saneamiento de MCA Rev 00.pdf"
"6","FALTA","REG-12_01 Matriz de Identificación de Peligros, Evaluación y Control de Riesgos MCA.xlsx"
"6","FALTA","REG-12_02 Matriz de Identificación de Aspectos e Impactos Ambientales Retiro de MCA.xlsx"
"6","FALTA","REG-12_03 H-H Exposición MCA.xlsx"
"6","FALTA","REG-12_04 Entrega - Inspección de uso EPP Asbesto.xlsx"
"6","FALTA","REG-12_05 Registro Salud y Control Ingreso - Salida en Zonas de Retiro MCA.xlsx"
"6","FALTA","REG-12_06 Inspecciones Diarias.xlsx"
"6","FALTA","REG-12_07 Informe Retiro y Disposición Final.docx"
"6","FALTA","REG-12_08 Control de Salida MCA.xlsx"
"6","FALTA","REG-12_09 Protocolo Verificación Muestras de Asbesto.xlsx"
"6","FALTA","REG-12_10 Identificación de Pallet Asbesto.pptx"
"6","FALTA","REG-12_11 Bitacora Resultados Ensayos de Asbesto.xlsx"
"7","OK","REG 10.C-01 Consolidado Proyectos Asignados.xlsx"
"7","OK","REG-10.C-02  Planificacion ITO.xlsx"
"7","OK","REG-10.C-03 Control Programacion de Obra.xlsx"
"7","OK","REG-10.C-04 Control de Inicio.xlsx"
"7","OK","REG-10.C-05 Acta Inicio de Obras.xlsx"
"7","OK","REG-10.C-06 Seguimiento Calidad PIE.xlsx"
"7","OK","REG-10.C-07 Informe ITO.docx"
"7","OK","REG-10.C-08 Requerimiento de Información (RDI).xlsx"
"7","OK","REG-10.C-09  Control Finaciero.xlsx"
"7","OK","REG-10.C-10 Minuta de Reunion.xlsx"
"7","OK","REG-10.C-11 Bitácora de Proyectos NBI.xlsx"
"7","OK","REG-10.C-12  Seguimiento PAC.xlsx"
"7","OK","PR-10_REG-10.C-13 (14) (15).xlsx"
"7","OK","REG-10.C-16 Acta Recepción de Obras.docx"
"7","OK","REG-10.C-17 Punch List.xlsx"
"7","OK","REG-10.B-18 Recepcion de Producto Final.xlsx"
"7","OK","REG-10.C-19 Control Carpeta TOP.xlsx"
"7","OK","REG-10 C-20 Seguimiento Calidad de Producto.xlsx"
